gender,age,pitch,warmth,clarity,power,thickness,smoothness,fileName,embedding
1,1,4,5,4,1,1,5,keli,"[-0.09088596701622009, 1.1216965913772583, 0.25440508127212524, 1.0476044416427612, -0.8878681063652039, 0.031134366989135742, 0.8815637826919556, 1.0769497156143188, 0.3863988518714905, -0.34420377016067505, -1.003321886062622, 0.7904466986656189, 0.1507047414779663, 0.41124826669692993, -0.45033788681030273, 0.714248538017273, 0.33165326714515686, -0.7059634923934937, 1.4415991306304932, -0.1464654803276062, -0.3243443965911865, -0.641233503818512, 0.4487239718437195, -0.5719759464263916, -0.9430354833602905, -0.2206108570098877, 0.36024945974349976, 0.770250678062439, 0.4165878891944885, 0.26845553517341614, -0.6013278365135193, -0.5662267804145813, 0.4274348020553589, -0.21078045666217804, -0.45314210653305054, -1.4036800861358643, -0.6668145656585693, 0.5108203887939453, -0.383323609828949, 0.7184286117553711, 0.4607377052307129, 0.2586101293563843, -0.38985908031463623, 0.38349443674087524, 0.36417266726493835, 0.8424475193023682, -1.3997912406921387, -0.5533426403999329, 0.32471609115600586, -0.3906039297580719, -0.3168632388114929, 1.052865982055664, 0.4561889171600342, 0.8665676116943359, 0.08335122466087341, 0.9068952202796936, 0.7232277393341064, -0.26409488916397095, -1.005706787109375, 2.3430678844451904, -2.067978858947754, -1.964917778968811, -0.6983805894851685, -1.0827217102050781, -0.9742137789726257, 0.8739173412322998, -0.48829174041748047, 0.10854631662368774, 0.10479813814163208, 1.0454165935516357, -0.3684864044189453, 1.2292709350585938, 1.0745059251785278, 0.33449211716651917, 0.02654857188463211, 1.0261672735214233, 0.6257496476173401, 1.2032325267791748, 0.43867993354797363, -0.15505310893058777, 1.5201703310012817, -0.720748782157898, -0.6333498358726501, 0.876960039138794, 0.34229832887649536, -0.5850868225097656, -0.007730305194854736, -1.4877327680587769, 0.2517701983451843, 0.8261953592300415, 0.3571242094039917, 1.175734281539917, 0.3949623703956604, -0.9398938417434692, 0.13670367002487183, -0.3646507263183594, -2.54758882522583, -1.1261614561080933, 0.6158671975135803, 1.1641638278961182, -0.11730090528726578, -0.31900253891944885, -0.803443431854248, 1.4576506614685059, 0.7685123085975647, -0.26314854621887207, -0.47438082098960876, -0.6335141658782959, 0.26626056432724, -0.000896155834197998, 0.8257534503936768, -1.060684323310852, 0.1344011127948761, -0.15028321743011475, 0.45336735248565674, 1.1436209678649902, -0.7119803428649902, -0.011123478412628174, -1.6418529748916626, -0.8105655312538147, -0.6994210481643677, -1.0354325771331787, -0.640568733215332, -0.6413494348526001, -1.5231239795684814, 1.2354841232299805, -1.6876484155654907, -0.05259433388710022, -0.06481289863586426, -1.419893503189087, -1.1588186025619507, 0.9182898998260498, 0.5873183608055115, 1.993957281112671, -2.069014549255371, 1.1577903032302856, 0.7653147578239441, 0.16621407866477966, 0.16121460497379303, 0.5462963581085205, 0.6289641857147217, -2.261112689971924, 0.3479919135570526, 0.20726817846298218, -0.36607277393341064, 0.3466443419456482, -0.6341155171394348, 1.63531494140625, -0.007695913314819336, -0.6407488584518433, -0.41896727681159973, 0.7357840538024902, 0.2531946897506714, -0.47444963455200195, 0.6210432648658752, 0.24281388521194458, -1.2318230867385864, 0.31680673360824585, -0.9171215295791626, 1.0745031833648682, -1.7781860828399658, -0.6717032194137573, 1.1020137071609497, -2.9613311290740967, -1.1070892810821533, 1.0587482452392578, -0.8163589835166931, -1.5635743141174316, 1.0764223337173462, -0.49537649750709534, 0.4398721158504486, 0.5232077240943909, -1.1275854110717773, -1.143902063369751, 0.13563424348831177, 0.499053955078125, -0.2169438600540161, -0.032502248883247375, 2.18359112739563, -0.18346020579338074, -0.4473843276500702, 0.8253157138824463, -0.5498641729354858, 0.15588869154453278, -1.252393364906311, 1.4189252853393555, 0.8579938411712646, -0.19689083099365234, 0.10887932777404785, 0.3812141418457031, -0.06804031133651733, -1.3529542684555054]"
3,3,2,3,5,2,4,5,yunze,"[-0.007624000310897827, 0.141709566116333, -0.6874217987060547, -0.6945677995681763, -0.7675557136535645, 0.07067924737930298, -0.9148909449577332, -0.7224383354187012, -0.2767179608345032, -1.3508110046386719, 1.9013679027557373, -1.1787506341934204, -0.3816812336444855, 0.6124542951583862, 1.7161128520965576, 0.1876656711101532, 0.49976879358291626, 0.9371869564056396, -0.3546891510486603, 0.7981606721878052, 1.1364638805389404, 0.8833523392677307, 0.030308544635772705, -0.24089671671390533, 0.6451071500778198, -1.602649450302124, 0.2062634378671646, 0.9492194056510925, 0.6901634335517883, -1.1168327331542969, -0.4400275945663452, -0.2793049216270447, 0.07370308041572571, -2.8901922702789307, -0.18099142611026764, -1.405517339706421, 0.4282655119895935, 2.19311261177063, 0.23633840680122375, 0.5096344947814941, 0.039342254400253296, -1.2753697633743286, 1.2298105955123901, 1.3511412143707275, 0.9975311756134033, -0.992353081703186, 0.84074866771698, 0.9368469715118408, -0.1505943089723587, -0.6748595237731934, 0.8616279363632202, -2.360745429992676, -0.06623993813991547, -0.8936387896537781, -0.6037658452987671, 0.6096954941749573, 0.12545794248580933, 0.7185205817222595, -0.07200928032398224, -0.5514200925827026, -1.781512975692749, 0.17111998796463013, -0.5160108208656311, 0.59732586145401, -2.2413854598999023, -0.6415685415267944, 1.3728463649749756, 0.891434907913208, -1.88397216796875, 1.0956662893295288, -0.2610737383365631, -0.04088452085852623, -0.1892441213130951, 0.760077178478241, -0.12572205066680908, -1.1229090690612793, -0.9619200229644775, 0.02298980951309204, -0.22540725767612457, 0.048254042863845825, 0.998574435710907, 0.43416827917099, -0.04451954364776611, -0.7683680057525635, 0.4486755132675171, -1.3114428520202637, 1.2447967529296875, -1.341741681098938, -1.8735122680664062, -0.8854616284370422, -0.008476471528410912, 2.1580188274383545, -0.4714723527431488, 0.014587849378585815, -0.4244105815887451, 0.20723289251327515, -0.7698919773101807, -1.4543191194534302, 0.9195826649665833, 1.6893028020858765, 0.802043080329895, -0.3499676287174225, 1.9498156309127808, 2.1412553787231445, -0.04900491610169411, 0.5152822136878967, -0.6467622518539429, 1.2884961366653442, 0.6728436946868896, -0.05650883913040161, -0.596603512763977, -0.4588615298271179, -0.848724901676178, -0.2654392719268799, -1.056471586227417, -1.6671671867370605, 1.4124048948287964, 0.5224609971046448, -0.9506042003631592, -1.0391852855682373, 0.29487136006355286, 0.5095579624176025, 1.2269179821014404, 0.7170838713645935, 0.5734851360321045, -0.3908435106277466, 0.8684237599372864, 1.4010674953460693, 0.26898646354675293, 0.4304448366165161, -0.01473015546798706, 0.30209454894065857, -0.6054775714874268, 0.6332367658615112, -0.03618687391281128, 1.1608548164367676, -0.23175054788589478, 0.17831751704216003, 0.202168807387352, 1.3610050678253174, 0.050508543848991394, 0.18699485063552856, 0.41771718859672546, 0.13860434293746948, 1.990242838859558, -1.1399489641189575, -0.16841958463191986, -0.612406849861145, 1.8528974056243896, -1.1069082021713257, 0.4992324411869049, 1.6273252964019775, -0.4834698736667633, -0.462831974029541, 0.5256326198577881, 0.150673508644104, -0.15843579173088074, 0.8895787000656128, -0.6574183702468872, -0.04995129257440567, 0.6706002950668335, 0.14887961745262146, 1.107150912284851, -0.652428388595581, -0.7140523195266724, -1.1319149732589722, 0.44315361976623535, 1.1066889762878418, -0.999557375907898, -0.8961225152015686, -0.25740692019462585, 0.3342995047569275, 0.06610186398029327, 0.4047504663467407, 1.6728074550628662, -0.09720108658075333, 0.49185171723365784, 0.902761697769165, 0.2076299786567688, -0.9016921520233154, -0.4238075911998749, 0.5290789008140564, -0.09144210815429688, -0.9328786134719849, -0.4597301483154297, 0.9573206305503845, -0.45047318935394287, 1.3728811740875244, -0.49112367630004883, -0.21533474326133728, 0.8602529764175415, 1.946007490158081]"
1,2,3,2,5,3,3,5,leidianjiangjun,"[0.8969806432723999, 0.5543773174285889, 0.7960605621337891, 0.2452535331249237, -0.2722011208534241, -0.20393343269824982, -1.0600581169128418, 0.07001912593841553, 0.7655866742134094, -0.8932848572731018, 0.8566868901252747, -1.8529462814331055, 0.2583138942718506, 1.2238163948059082, 1.562910556793213, -0.7829967737197876, 0.09130343794822693, 0.07905831933021545, 1.808707356452942, 0.3264865577220917, 0.19361594319343567, 0.3319791555404663, -0.556425929069519, 0.2715124785900116, -0.22126850485801697, -1.0436491966247559, -0.08642283082008362, 0.5077503323554993, 0.9077109694480896, -0.41648274660110474, -0.2689815163612366, -0.5161778330802917, 0.35705769062042236, -0.39959779381752014, 0.5348636507987976, -1.5530624389648438, -0.25500258803367615, 0.3462393879890442, -0.5119943618774414, 0.7071092128753662, 0.19498834013938904, 0.08227287232875824, 0.9089290499687195, 0.21054232120513916, 0.3898859918117523, -1.1053844690322876, 0.921613872051239, -0.048664093017578125, 0.551628589630127, -1.2399952411651611, 0.5847468376159668, -0.12792342901229858, 0.3519291877746582, -0.738953173160553, -0.7208375334739685, 0.6021440625190735, 0.28640902042388916, 1.2496895790100098, 1.0153813362121582, -0.2642652094364166, -1.9441916942596436, -0.501685380935669, 1.0960496664047241, 0.37341421842575073, -0.42181211709976196, -0.35061168670654297, 0.5240014791488647, 0.18040478229522705, -0.7031504511833191, 0.7487446069717407, 0.994441032409668, 2.116241216659546, 0.7626032829284668, -0.9979242086410522, -0.5275191068649292, -1.1742188930511475, -0.9786094427108765, -0.3255916237831116, 1.4003243446350098, 1.3842670917510986, 0.30801278352737427, -0.49259495735168457, -1.4785218238830566, 0.17995944619178772, 2.1472296714782715, -2.1114137172698975, 0.7451351881027222, -0.7150919437408447, -1.7217590808868408, -0.5322303175926208, 1.7492395639419556, 1.072390079498291, -0.2382417917251587, 0.6312320232391357, -0.6271549463272095, -0.4655892848968506, -1.1359200477600098, -1.313724160194397, 1.4237945079803467, 0.5842861533164978, 0.8509301543235779, -0.30955228209495544, 0.00014150142669677734, 3.3056581020355225, 0.17907783389091492, -0.6455968618392944, -1.7066118717193604, 0.9111186265945435, -0.12236818671226501, -0.7399517297744751, -0.494701087474823, -1.163390874862671, 0.31842368841171265, -0.5208857655525208, -0.9484047889709473, -1.09865403175354, -0.8939248323440552, 0.46021342277526855, -1.019840121269226, -0.018343698233366013, -1.0397228002548218, -0.5356632471084595, 0.8117786049842834, -1.5019804239273071, -0.5426037311553955, -2.5621824264526367, 0.10554306954145432, 0.07900500297546387, 1.2412899732589722, 0.16601616144180298, 0.11371052265167236, -0.13426518440246582, -0.6567354798316956, -0.502428412437439, -1.4623662233352661, 0.6344442963600159, 0.35424137115478516, -0.39830464124679565, -1.0281295776367188, -0.6927886009216309, 0.6874212026596069, -0.8218479156494141, 0.44470298290252686, -0.6177369356155396, 1.8493340015411377, -1.1388381719589233, -0.5161756873130798, 1.1300933361053467, 1.038214921951294, 0.7426992058753967, 0.00899791345000267, 0.5176454186439514, -0.9504440426826477, -0.8868613839149475, 1.252609372138977, -0.5257645845413208, -1.4814157485961914, 0.4617217183113098, -1.3988295793533325, 0.4047148823738098, 1.3160581588745117, -0.24072377383708954, 0.21908880770206451, 0.23906776309013367, 0.4732629656791687, 0.24425938725471497, -0.4510422945022583, 0.08329752087593079, -0.4880150854587555, 0.28180551528930664, 0.06459204852581024, 0.13461309671401978, -0.903367280960083, 1.0227136611938477, 1.6844680309295654, 0.4986177086830139, -0.5872293710708618, 0.4005836844444275, 0.7863109111785889, 1.767177939414978, 0.7346361875534058, 1.5406997203826904, 0.48529213666915894, 0.6581423282623291, 0.4536415934562683, 1.9266655445098877, -1.2870306968688965, 1.1162986755371094, -1.025763750076294, 1.3062989711761475, -0.37903279066085815, 0.944426953792572]"
2,1,4,5,5,3,1,5,bannite,"[0.7017072439193726, 0.6151019930839539, 0.24888268113136292, -0.12587016820907593, 0.14973008632659912, -0.6779277324676514, 1.6217138767242432, -0.5229754447937012, 0.8195414543151855, -1.3937759399414062, -0.23092380166053772, 0.76919025182724, 1.2736694812774658, 0.6927782297134399, 0.8381137847900391, -0.8201001882553101, 1.5263209342956543, -0.7291709184646606, -0.05943107604980469, 0.40885594487190247, -0.8007572889328003, -0.5121905207633972, 0.0879480242729187, -1.4651433229446411, 0.32491397857666016, -1.0305685997009277, 0.4166991114616394, 0.3653109073638916, -0.7179669737815857, -1.4778450727462769, -0.917999267578125, -0.47554051876068115, -0.4090099334716797, -0.678623616695404, -0.6293964982032776, -0.17472580075263977, 0.9636690616607666, 2.4610042572021484, 1.19915771484375, -1.2808505296707153, 0.015605136752128601, -0.3707464337348938, 1.235905647277832, 0.6098772287368774, 0.6912977695465088, 0.5512440204620361, -0.48534202575683594, -0.6161966919898987, -1.0908945798873901, 0.00843539834022522, 1.4812049865722656, 0.016398608684539795, -0.3830457925796509, -0.4684736728668213, -0.23847290873527527, -0.25906267762184143, 1.4826922416687012, -0.9417747259140015, 0.77932208776474, 1.0001267194747925, -0.8334760069847107, 1.1804765462875366, 0.17156702280044556, -0.9620873928070068, 0.4403267800807953, 0.661672055721283, -0.4997316598892212, -1.1404697895050049, -0.6875039339065552, -1.2677698135375977, 0.6268244981765747, 0.9000437259674072, 1.5379629135131836, 0.028896212577819824, -0.7526276111602783, -0.04160742461681366, -0.3530192971229553, 0.40324991941452026, 0.09883177280426025, -0.8649260997772217, 1.1266615390777588, -0.9226112365722656, 0.08630019426345825, 0.719997763633728, 0.19917282462120056, -0.5843059420585632, 0.25931212306022644, -1.7439223527908325, -1.7344353199005127, 0.3710179924964905, -0.0386638380587101, -0.631453812122345, -1.0516133308410645, -0.4065455496311188, 0.7822504639625549, -0.7274700403213501, -1.0380589962005615, -1.518082857131958, 1.0851694345474243, 1.375793695449829, 1.6946982145309448, -1.0764302015304565, 2.074854850769043, 1.3234223127365112, -0.5348342061042786, 0.7522282600402832, 0.8477237820625305, 1.1351338624954224, -1.1920617818832397, 0.3788973391056061, 0.43207913637161255, 1.2481393814086914, 0.47820764780044556, -0.9915522336959839, -0.8570599555969238, 0.8820682764053345, -0.6434496641159058, -1.6255526542663574, -1.0531569719314575, 0.5418300032615662, 0.40686941146850586, -1.5418689250946045, 0.5818884968757629, 0.9355058670043945, -0.6195770502090454, 0.22977793216705322, -1.7465577125549316, 1.6108343601226807, 1.0262181758880615, 0.16700556874275208, -1.3592751026153564, -0.9605094790458679, 0.8203597664833069, 0.6602276563644409, -0.6936627626419067, 0.6729692220687866, -0.30118528008461, 0.015156954526901245, 0.940319836139679, -0.19504395127296448, 0.5528173446655273, -1.4262279272079468, -1.1560516357421875, -1.1292226314544678, 0.9854631423950195, -1.9864294528961182, 0.2559700012207031, 1.5776482820510864, -1.3899946212768555, 1.0246093273162842, 0.3612980246543884, -0.6649531126022339, -0.08927685022354126, 1.463150978088379, -1.298415184020996, -1.2038722038269043, 0.4568783640861511, -0.18114422261714935, -0.5540698766708374, -0.8430599570274353, 0.04101264476776123, -0.6453983187675476, 0.26208144426345825, -1.4329776763916016, 1.103376030921936, -0.11550343036651611, 1.8224222660064697, -0.697844922542572, -0.7247117757797241, 0.6904109716415405, 0.9485474824905396, -0.35013091564178467, -0.3951415419578552, 0.7771201133728027, 0.2662314176559448, 0.5030002593994141, 0.25308987498283386, 0.7580971717834473, 1.3262251615524292, 1.636064887046814, 0.3363620936870575, 0.31300225853919983, 0.1297057867050171, -0.5700900554656982, -1.3260921239852905, 0.3673790991306305, -1.661289095878601, 0.2612725794315338, 0.5061023235321045, 0.12481081485748291, -0.21201932430267334, 0.7856913805007935]"
1,2,3,2,5,4,3,5,xiawolei,"[1.366637110710144, -0.08045822381973267, -0.1403494030237198, 0.19538411498069763, -1.0060253143310547, 0.22083091735839844, 0.015521645545959473, -0.09719955921173096, -0.19200390577316284, -0.7409487366676331, 0.6341329216957092, -1.4378752708435059, 0.6460368633270264, 0.39708882570266724, 1.3107328414916992, -0.25204408168792725, 0.3840072751045227, -1.5780596733093262, 2.3010454177856445, 1.711313009262085, 0.75225830078125, -0.2140272855758667, -0.7114768028259277, 0.046845197677612305, -0.508979320526123, -1.4436602592468262, -0.14765597879886627, 0.6092661619186401, 1.3822048902511597, 0.27563363313674927, -1.2606806755065918, -0.8780538439750671, 0.8520459532737732, -0.4319419860839844, 0.3867071866989136, -2.02480411529541, -0.49138984084129333, 1.0811834335327148, -1.037519931793213, 1.0086605548858643, 0.35278624296188354, -0.32522329688072205, -0.5785036087036133, -0.2965297996997833, 0.7321193218231201, 0.21424975991249084, 0.9939531683921814, -0.5959528088569641, 1.685032844543457, -0.4243341088294983, -0.33152341842651367, 0.02720654010772705, 0.5844646096229553, -0.04374539852142334, -0.6850540637969971, 0.3551584482192993, 1.187608242034912, 0.17306211590766907, 0.5116010904312134, 0.9970600008964539, -2.6189074516296387, 0.19319367408752441, 1.1088005304336548, -1.3751683235168457, -0.3743634819984436, 1.117013931274414, 0.8032127618789673, -0.7408012747764587, 0.4117257595062256, 1.9180612564086914, 0.48037293553352356, 2.279165267944336, 0.22705328464508057, -1.1069178581237793, -0.818280816078186, -1.7579535245895386, -0.2684212625026703, 1.2266323566436768, 0.3981468081474304, 1.24361252784729, 1.5492292642593384, -0.14651885628700256, -0.07228541374206543, -0.617711067199707, 1.4763751029968262, -1.8811583518981934, 0.9604065418243408, -1.9257112741470337, -1.435990810394287, -0.30047935247421265, 1.859012484550476, 1.523115634918213, -1.416970133781433, -0.4803541600704193, -0.21437329053878784, -0.24442720413208008, -2.467860460281372, -2.6869893074035645, 0.3007831573486328, 0.4471364915370941, -0.39921849966049194, -0.22097384929656982, 0.05806601047515869, 3.238738775253296, -0.7824146747589111, -1.0010998249053955, -0.6954667568206787, 1.0944058895111084, 1.0341802835464478, -1.4203060865402222, 0.38939422369003296, -0.2576867341995239, -0.3336811065673828, -1.59822678565979, -1.8683500289916992, -1.1966298818588257, -1.5016398429870605, -0.19378133118152618, -0.2893781065940857, 0.11602218449115753, -1.483987808227539, 0.08996084332466125, 0.6718234419822693, -0.5705686211585999, -0.8017570972442627, -1.3482590913772583, -0.2538617253303528, -0.2231479287147522, 0.5641195178031921, -0.6238105893135071, -0.41219234466552734, -0.022496597841382027, -0.8777572512626648, -0.20292842388153076, -1.2393262386322021, 0.5228681564331055, 1.4329591989517212, -0.7355266213417053, -1.5807172060012817, 1.2466557025909424, 0.9068717956542969, -2.4053428173065186, -1.5531740188598633, 0.8945783376693726, 0.6383887529373169, -0.305572509765625, -0.7474952936172485, 0.4231407344341278, 1.5597636699676514, -0.6631089448928833, -0.6873218417167664, 0.7580810785293579, 0.8523263931274414, -0.3010457158088684, 1.5085982084274292, -0.20452263951301575, -1.172731876373291, 0.3550832271575928, 0.3690494894981384, -0.5697412490844727, 0.03499075770378113, -0.6419826745986938, 0.08208614587783813, 0.11674189567565918, -0.1418812870979309, 0.4401603639125824, -0.7008049488067627, -0.017003357410430908, -0.4340132176876068, 0.5491374731063843, -0.35422244668006897, 0.5486851334571838, -0.4434099495410919, 0.6248029470443726, 1.956312656402588, 0.880641758441925, -0.5602725744247437, 1.0519936084747314, 0.18915493786334991, 1.0448681116104126, 1.2050570249557495, 2.1052963733673096, -0.07154715061187744, -0.2216782569885254, -0.2510703206062317, 1.6938016414642334, -0.7528017163276672, 0.8638931512832642, -0.8669800758361816, 0.4815176725387573, -0.8684206604957581, 0.521671712398529]"
1,2,4,5,5,2,2,5,naxita,"[0.38244006037712097, 0.8804906010627747, -0.7734026312828064, 1.494207739830017, 0.0380062460899353, -1.328850507736206, 0.5637764930725098, 0.44108814001083374, 0.8061084747314453, -0.5158452987670898, 0.37003928422927856, -0.7200970649719238, -0.36086875200271606, 0.7314046025276184, 0.09081658720970154, -0.5182414054870605, -0.36919260025024414, -1.0716665983200073, 2.353864908218384, -0.757521390914917, -0.999998927116394, 0.2585888206958771, 0.03375881910324097, -1.8329929113388062, -0.4655744135379791, -0.9353123307228088, 0.20249082148075104, 0.966965913772583, -0.06720086932182312, 1.1968573331832886, -0.5301390886306763, -0.7768597602844238, 0.48331418633461, -0.5936993956565857, -0.0790046900510788, -1.5279309749603271, -0.5059969425201416, 0.48793497681617737, -0.31736788153648376, 1.4147452116012573, 0.4957190155982971, -0.744595468044281, 0.2697957754135132, -0.19919642806053162, 0.2353425920009613, -0.5676405429840088, 0.6407813429832458, 0.8230751156806946, 1.5234441757202148, -0.09660235047340393, 0.6199512481689453, 0.7380351424217224, 1.467782974243164, -0.10746186971664429, 0.3984086811542511, 0.5996233820915222, 0.6186602115631104, 0.6667189002037048, -0.43642956018447876, 0.7870239019393921, -3.0706331729888916, -0.9102972149848938, -1.2014080286026, -1.7154115438461304, -1.658627986907959, -0.5304855108261108, -0.4377613067626953, 0.8217189311981201, 0.22921627759933472, 2.2696752548217773, -0.5979042053222656, 1.664513111114502, -0.27598005533218384, -0.06764167547225952, -0.2546038031578064, -0.412937194108963, 0.19109004735946655, 1.8811163902282715, 1.1074235439300537, 0.9644818305969238, 1.546271800994873, 0.2076377272605896, -1.2066588401794434, 1.7318912744522095, 0.6825040578842163, -2.355170965194702, 0.4755382239818573, -1.3967806100845337, -0.6485642790794373, -0.19722992181777954, 1.8453071117401123, 1.5243301391601562, -0.49861282110214233, -0.9738129377365112, 1.054793357849121, -0.868334174156189, -2.2263033390045166, -1.0239561796188354, 1.9057849645614624, 1.6243829727172852, -0.6890169978141785, -0.2597963213920593, -0.4903485178947449, 1.7930452823638916, 0.15010222792625427, -0.3429805636405945, -0.5446171760559082, 0.07265478372573853, 0.35923242568969727, -1.0315375328063965, -0.14205825328826904, -0.8245931267738342, 0.6111665368080139, -0.12490451335906982, -0.17290155589580536, -0.339425265789032, -2.0422635078430176, 0.515511155128479, -0.7116629481315613, -0.5254941582679749, -1.2240078449249268, -1.1198127269744873, 1.2595552206039429, -0.3562191426753998, -1.2542712688446045, -0.06104418635368347, -1.7224563360214233, -0.510313093662262, 1.0879576206207275, -0.9922069907188416, 0.05454502999782562, 0.2758444845676422, -0.3731451630592346, 1.3094396591186523, -1.3347547054290771, 1.6252540349960327, 0.9179038405418396, -0.18712180852890015, -0.21817846596240997, -0.48063716292381287, 0.7698138952255249, -2.116032123565674, -0.08156329393386841, 0.12524700164794922, 0.6108511090278625, -1.0809855461120605, -1.4362428188323975, 0.317781001329422, 0.16215991973876953, -1.0110124349594116, -1.5573902130126953, 0.7999259233474731, 1.1592847108840942, -0.8975223898887634, 1.7815206050872803, 0.588309109210968, -1.321249008178711, 0.1824081689119339, -0.7068536281585693, 0.8401136994361877, 0.013246148824691772, -0.8872933387756348, 0.2929568290710449, -1.151703119277954, -0.7442432641983032, 0.7861695289611816, -1.0389995574951172, -0.29602697491645813, -0.033586084842681885, -0.41990840435028076, -0.8415355682373047, 2.1499783992767334, -1.1029260158538818, 0.4619417190551758, 0.5708203315734863, 1.1271275281906128, -0.3473193347454071, 1.439050555229187, 0.9457918405532837, 0.5222508311271667, 0.2501499652862549, 1.4308552742004395, -0.30241715908050537, 0.6649341583251953, -0.3697170615196228, 1.6942644119262695, -0.17072072625160217, -0.3652932643890381, -1.2669757604599, 0.31337711215019226, -0.5371672511100769, -0.5372956991195679]"
1,1,4,4,5,4,1,5,hutao,"[1.2282240390777588, 0.1661761999130249, 0.8169592618942261, -0.033750712871551514, -0.459938108921051, -0.41103461384773254, 0.7698290348052979, -0.4287368059158325, -0.16725891828536987, -0.22962450981140137, 1.8120479583740234, -0.09712681174278259, -0.275637149810791, -0.27554792165756226, 0.9072223901748657, -0.38725101947784424, 0.620069146156311, -1.5205738544464111, 1.188043236732483, -1.1559383869171143, -2.2809698581695557, -0.6508498787879944, 0.2719157338142395, -0.9126617312431335, -0.9554232358932495, -0.727526843547821, 1.0958987474441528, 0.5470489859580994, -0.27183228731155396, 0.3997890055179596, -0.5486513376235962, -1.1366175413131714, 0.2053169310092926, -0.8837559819221497, 0.8141658902168274, -1.7528653144836426, 0.21495620906352997, 1.8833342790603638, 0.5766860842704773, 0.7752143144607544, -0.6803396940231323, -0.16713131964206696, 0.20226848125457764, 0.5004310607910156, -1.2638306617736816, -0.23482976853847504, 0.4262376129627228, 0.17059260606765747, -0.20694677531719208, -1.345851182937622, -0.4714096784591675, 0.21295225620269775, 0.7374012470245361, 0.31106677651405334, 0.0056562721729278564, 1.1142635345458984, 0.8653210401535034, -0.051513493061065674, 0.19349342584609985, 1.0687538385391235, -2.207291841506958, 1.4246693849563599, 0.5806296467781067, 0.24863845109939575, -0.43491798639297485, -0.07178163528442383, -0.013992846012115479, -0.3484645485877991, -0.6060583591461182, 0.8833460807800293, -0.27203840017318726, 2.561866521835327, 1.2186644077301025, 0.7709786295890808, 0.23187735676765442, 0.43017929792404175, 0.35534876585006714, 1.249672532081604, 0.5931313633918762, 0.13314256072044373, 1.313169240951538, -0.6372411251068115, -1.2839562892913818, 0.37482723593711853, 0.47693395614624023, -1.855612874031067, 0.43558722734451294, -1.8409940004348755, -1.2467191219329834, -0.9893231987953186, -0.08671112358570099, 0.32181453704833984, -0.7787413001060486, -1.6973010301589966, -0.008701801300048828, 0.17691004276275635, -1.2284902334213257, -2.171238899230957, 1.122843623161316, 0.6663973331451416, 0.6855760216712952, -1.0762224197387695, -0.13822194933891296, 2.2578625679016113, 0.3708067238330841, 0.3812113404273987, -0.5126140713691711, 0.48632878065109253, -0.550751805305481, -0.32235097885131836, -1.0172655582427979, -0.10527101159095764, 0.14401184022426605, -0.7002884745597839, -1.6713353395462036, 0.03755207359790802, 0.5686085224151611, 0.22201131284236908, -0.6707003712654114, -0.36272096633911133, -1.1826746463775635, -1.0200345516204834, 1.3589071035385132, -0.5273114442825317, -1.081125259399414, 0.2793301045894623, -0.9593831896781921, -0.4442597031593323, 0.9231617450714111, -0.7326168417930603, -1.764108657836914, -0.5065499544143677, 0.5282610654830933, 0.4453587532043457, -0.9731656908988953, 1.6002434492111206, -0.3348541259765625, -0.09553909301757812, 0.6087597608566284, -1.0843762159347534, 1.1368275880813599, -1.5794997215270996, -0.8784381747245789, 0.32828184962272644, -0.43662214279174805, -1.0841431617736816, -1.2387219667434692, 0.7395254373550415, 0.6505144238471985, 0.1895904839038849, -0.9417110681533813, 0.5284892320632935, -1.8090213537216187, -0.5330294966697693, 0.34340715408325195, -0.8824106454849243, -0.6302119493484497, 0.6594420671463013, -0.4081704318523407, 0.43161648511886597, -1.2423604726791382, -0.710861325263977, 1.4476048946380615, -1.8516359329223633, 0.4651491641998291, 1.5110046863555908, 0.4444809556007385, -0.9666650295257568, -0.34523507952690125, 0.6050175428390503, 0.5015136003494263, 0.6064536571502686, -0.6627600193023682, -0.18933409452438354, 0.23304623365402222, 1.292638897895813, 0.9082628488540649, 1.2121672630310059, -0.33157017827033997, 0.7541358470916748, -0.011295855045318604, 0.579644501209259, -0.16436314582824707, -1.6512253284454346, -1.0723817348480225, 1.2300097942352295, -0.7960073947906494, 1.0702054500579834, -0.23957300186157227, -0.33124372363090515, -1.4782001972198486, 0.16950204968452454]"
3,3,2,2,4,4,4,4,laiousili,"[-1.0470908880233765, 0.3920069932937622, 0.14804485440254211, -0.3324044942855835, -1.790520429611206, 0.002511262893676758, -0.257257342338562, -0.3654930591583252, 1.3307206630706787, -1.4665238857269287, -0.512601375579834, -1.1716387271881104, 1.2439590692520142, -0.08737108111381531, 1.3443564176559448, -1.151546835899353, 1.3384323120117188, -0.19837310910224915, 1.0284465551376343, 1.1363530158996582, 2.2166662216186523, 1.1059646606445312, -0.8805236220359802, 0.6518672704696655, 0.440352201461792, -0.5789278149604797, -0.9162997007369995, 0.09608548134565353, 0.6262288689613342, -0.9943606853485107, -0.7341974377632141, -0.5715349316596985, 1.0627741813659668, -0.442470520734787, 0.0328189879655838, -2.1164498329162598, -1.775219202041626, 1.1580759286880493, 0.7275539636611938, 0.7297431230545044, 0.4012283682823181, -1.5668443441390991, 1.029842734336853, 0.8630881905555725, 0.7825047969818115, -0.86444491147995, 1.6153836250305176, 1.2466773986816406, 1.236419439315796, -0.23325610160827637, 1.2417712211608887, -2.3139848709106445, 1.4706112146377563, -0.03732025623321533, -0.9595942497253418, -0.22100165486335754, -0.3957725167274475, 1.6436649560928345, 0.8917372822761536, 0.318929523229599, -2.4254043102264404, -1.8557748794555664, 0.14607244729995728, -0.6257409453392029, -2.64235258102417, -0.3538705110549927, 0.9340523481369019, 1.4419898986816406, -1.041483998298645, 1.3045401573181152, 0.25089409947395325, 0.8640028238296509, -0.9732630252838135, 1.70652437210083, -1.6273540258407593, -1.1815803050994873, -0.6428714990615845, -0.2772805690765381, 1.9108176231384277, 0.39230048656463623, 0.5622994303703308, -0.0716337263584137, -0.3280227780342102, -0.7727525234222412, -0.4545825719833374, -1.6277494430541992, -0.1442134976387024, -0.9995154142379761, -0.8648495674133301, -0.22112113237380981, 1.006466269493103, 1.5725758075714111, 0.0344657301902771, -1.3052443265914917, -1.4165661334991455, -0.29133468866348267, -1.053121566772461, -1.865600347518921, 0.6723688244819641, 1.332971215248108, -0.288110613822937, 0.5796759128570557, 1.3733925819396973, 1.903236746788025, 0.7672914862632751, -1.008887529373169, -0.8455556631088257, 1.636699914932251, 0.9556320905685425, -0.3735886812210083, -0.7175298929214478, -1.4294087886810303, 0.39042943716049194, 0.2796604633331299, 0.528116762638092, -0.5573525428771973, 0.4265395402908325, 1.4785212278366089, -0.7170475125312805, 0.8317619562149048, -1.4356424808502197, -0.8339818120002747, 2.583730459213257, -0.503181517124176, -1.373802900314331, -2.1333401203155518, 0.05260831117630005, 1.8664262294769287, 0.44807612895965576, -0.7791431546211243, -0.22607937455177307, 0.24767336249351501, -0.2711337208747864, -0.08926260471343994, -1.7255871295928955, 0.5151010155677795, 0.26482075452804565, 1.0489065647125244, -0.813514769077301, 0.2078385055065155, -0.39502108097076416, -0.6832602024078369, -0.7414438128471375, 0.3082906901836395, 1.4258792400360107, -0.7413202524185181, 0.767838180065155, 0.49917587637901306, 1.4612736701965332, -2.1991796493530273, 0.5604746341705322, 0.5318089127540588, 0.20474651455879211, -0.5634782314300537, 0.46011364459991455, 0.47482043504714966, -0.7505632638931274, 0.3168621063232422, -1.0223723649978638, 0.845486044883728, 0.522388219833374, 1.015495777130127, 1.8523081541061401, -0.3115869164466858, -0.3764725923538208, -0.8981143236160278, -0.393297016620636, 0.4047375023365021, -2.012575149536133, 0.307941198348999, -0.2995568513870239, 0.3387632966041565, 0.6488490700721741, 0.08258485794067383, 0.6992937326431274, -0.28171277046203613, -0.6812381148338318, -0.43259185552597046, -0.06555905193090439, -1.8019006252288818, 0.5345418453216553, 0.10171876847743988, 0.459689199924469, 0.36394068598747253, 0.39475902915000916, 1.6234126091003418, -1.4928593635559082, 1.4669111967086792, -1.2720249891281128, 0.44097083806991577, 1.348158836364746, 0.5876480340957642]"
3,4,2,4,5,3,5,5,yunjian,"[-0.7699147462844849, 0.3915398120880127, -0.7304635047912598, -0.024660319089889526, -0.5553171038627625, 0.15839403867721558, -0.5870593786239624, 0.04325401782989502, -0.3300202488899231, -1.2378239631652832, 1.0836033821105957, -1.7768816947937012, -1.8489376306533813, 1.3309965133666992, 0.3127043843269348, 0.1410123109817505, 2.028373956680298, 0.6740008592605591, 0.9192328453063965, 0.6944028735160828, 0.5356336832046509, 0.2943221926689148, 0.3530481457710266, -0.1840965449810028, -0.2907872498035431, -2.2273688316345215, 0.7186647057533264, -0.8784006834030151, -0.10276162624359131, -0.4571540653705597, 0.5992878675460815, -0.6884124279022217, -0.014528036117553711, -0.9088369607925415, 0.2363688200712204, -1.3264397382736206, -0.15733644366264343, 0.4703978896141052, -0.798526406288147, 0.8826674222946167, -0.16985327005386353, -1.1305718421936035, 0.36189740896224976, 0.0168989896774292, 0.2615976929664612, -1.1865102052688599, 0.37004026770591736, -0.8545045256614685, 0.5995063185691833, -0.31016814708709717, -1.101752519607544, -1.052682638168335, 1.6796295642852783, 0.008662909269332886, -0.06568464636802673, 1.7510931491851807, 0.4737926125526428, 0.08253571391105652, -0.6674731373786926, -0.23041313886642456, -1.643181562423706, 0.787722110748291, 0.9540549516677856, -0.37860894203186035, -1.6315996646881104, 0.4926069974899292, 1.0047271251678467, 0.6403926610946655, -1.9390567541122437, 1.232496976852417, -0.3481041491031647, 1.0320414304733276, -0.12036776542663574, 0.5037297010421753, -1.5801756381988525, -0.6684174537658691, -0.665486752986908, -1.3278710842132568, 0.7102765440940857, -1.3982003927230835, 0.522231936454773, -0.643822193145752, -0.1785985827445984, -1.088318109512329, 0.986118733882904, -1.0024594068527222, 2.5630545616149902, -1.2369424104690552, -1.8633577823638916, -0.6600111126899719, 0.09540268778800964, 0.3658640384674072, 0.2998257279396057, -1.0742355585098267, 0.7606660723686218, 0.18249627947807312, 0.20071551203727722, -2.554955005645752, 0.5292845964431763, 0.6592203378677368, -0.007252886891365051, -1.3898428678512573, 0.3577583134174347, 1.5537348985671997, -0.10517765581607819, 0.1298677921295166, 0.9327873587608337, 1.6947962045669556, -0.39727136492729187, 1.0627273321151733, -1.12544846534729, -1.142327070236206, -1.287367582321167, -0.19492611289024353, -0.47684699296951294, -0.31750816106796265, 1.8638664484024048, 0.9622116684913635, -0.9824682474136353, 0.7601058483123779, -0.2634047865867615, -0.8927516341209412, 1.026624083518982, -0.6495381593704224, -0.36637869477272034, -0.3253350257873535, 0.032726507633924484, 1.8741004467010498, 0.13869225978851318, -0.4424326419830322, -0.23928126692771912, -0.44590869545936584, -1.2487107515335083, 1.7817258834838867, 0.1334446370601654, 0.8431422710418701, -0.4431816637516022, -0.5974424481391907, 0.2306789606809616, -0.721670389175415, 0.12956596910953522, 0.14657005667686462, 0.32537245750427246, 0.03216052055358887, 0.40454232692718506, -1.323694109916687, 0.9303558468818665, 0.13523080945014954, 0.8568107485771179, -1.204258680343628, 1.0495835542678833, -0.27849796414375305, -1.3233646154403687, -0.9044255614280701, 0.817340612411499, 0.10416239500045776, 0.3903796076774597, -1.2075960636138916, 0.19502148032188416, -1.291396141052246, 0.4500030279159546, -0.7267624139785767, 0.8144001960754395, -0.3418220281600952, -0.7368114590644836, 0.20595577359199524, 1.2831848859786987, -0.6748775839805603, -1.1146527528762817, -0.975296139717102, -0.2314799576997757, -0.034927934408187866, -0.6632252931594849, 0.437577486038208, 0.8529002666473389, -0.15203224122524261, 0.2825634777545929, -0.4854016900062561, 0.6290568113327026, -1.5524638891220093, -1.0112078189849854, -0.4038328230381012, 0.49578845500946045, -1.0941721200942993, 0.7063297629356384, 0.5315995216369629, -0.6844990253448486, 1.19667387008667, 0.5879988670349121, 0.3444471061229706, 1.2361433506011963, 1.6072829961776733]"
1,5,2,4,3,1,4,5,pinglaolao,"[1.4968563318252563, 0.5950722694396973, 0.02793634682893753, -0.803476095199585, -1.3604111671447754, -1.1073267459869385, -0.23149150609970093, -0.5304640531539917, -0.25787097215652466, 0.08709180355072021, 0.029195457696914673, -0.9282763004302979, -0.27106714248657227, 0.14217552542686462, 1.2607626914978027, 0.39795100688934326, -0.18792010843753815, -0.19217398762702942, 0.7942672967910767, 0.3050796687602997, 1.7580475807189941, -0.1542235016822815, -0.2854531407356262, -0.5128979682922363, -0.898611307144165, -1.2484755516052246, 0.5427777767181396, 0.8325995206832886, 0.7058330774307251, 0.5362145900726318, -0.17357563972473145, -0.6808173656463623, 1.7041910886764526, -2.0030243396759033, -0.5080596208572388, -1.4555249214172363, 0.11351914703845978, 0.24384759366512299, -0.2294505536556244, 1.6784536838531494, -0.3127782344818115, -0.9114764928817749, -0.19585533440113068, -0.3129028379917145, 0.09105630218982697, 0.3567158877849579, 1.2662297487258911, 0.5800729990005493, 0.11019256711006165, -0.7389362454414368, 0.8726384043693542, -0.06580279767513275, -0.8240986466407776, -0.6550173759460449, -1.4109125137329102, 0.014445185661315918, 1.4420483112335205, -0.5792943239212036, -1.2169514894485474, 1.1686551570892334, -0.12116536498069763, 0.4687385559082031, 0.7720904350280762, -0.6610383987426758, -0.8498038649559021, 0.013959527015686035, -0.4130938649177551, -0.09726828336715698, -0.8804630041122437, 0.7751790285110474, -0.6553050875663757, 1.715295433998108, 0.8641797304153442, -1.027788519859314, -0.7480065226554871, 0.6160521507263184, -0.26038989424705505, 0.9655436873435974, -0.3051055073738098, 0.42420056462287903, 0.40508002042770386, 0.6517165303230286, -0.8653512597084045, 0.2053036391735077, -0.4250659942626953, -0.2548677921295166, 0.9320693612098694, -2.543455123901367, -1.3040413856506348, 0.22356659173965454, 1.444048523902893, 0.2445148229598999, -0.08461058139801025, -0.900243878364563, -0.44252052903175354, -0.2644999027252197, -2.0044307708740234, 0.10663843154907227, 0.9610348343849182, 0.011872760951519012, 0.7235015630722046, -0.41049113869667053, 1.2705967426300049, 1.9156484603881836, 1.3604516983032227, -0.010803759098052979, -0.9612908959388733, 0.40623748302459717, 0.8085949420928955, 0.28042230010032654, -1.952953577041626, -0.6169760227203369, -0.4355698823928833, -0.5845935344696045, -1.9752836227416992, -0.8565629720687866, -1.53972589969635, 0.39025020599365234, -1.4842698574066162, 1.5189061164855957, -1.3163540363311768, 0.09950083494186401, 1.3214058876037598, -0.5607989430427551, -0.22484394907951355, -0.3487609624862671, -0.6045806407928467, -1.3425264358520508, 1.5822687149047852, 0.6913876533508301, 0.1714334785938263, -0.2707626521587372, 0.5556438565254211, 0.21862369775772095, 1.0218822956085205, 1.5317585468292236, 0.4366803765296936, 0.5001498460769653, -1.9765537977218628, 0.39849796891212463, 1.3632744550704956, -0.910517156124115, -0.7722471356391907, -1.326744556427002, 0.8295605778694153, 0.20248493552207947, -1.7135545015335083, 0.6409385204315186, 0.34772175550460815, -0.04671710729598999, -0.12338626384735107, 0.6492632627487183, 1.3737597465515137, -0.6591445207595825, 0.8159140348434448, -0.5168323516845703, -0.587070643901825, 0.09248374402523041, -0.45914164185523987, -0.8320877552032471, 1.1223578453063965, -0.06396879255771637, -0.8908497095108032, -0.0016241669654846191, -1.0906184911727905, 0.6007298231124878, -0.17971429228782654, 0.8091377019882202, -0.679775595664978, -0.37799346446990967, 0.8925787210464478, 0.00994575023651123, -0.16355344653129578, -1.2171661853790283, 0.8219720125198364, -0.07825068384408951, 0.5871769189834595, 1.0544284582138062, 0.9206576943397522, 1.4646040201187134, 0.240547776222229, 0.6519742608070374, 0.8616490364074707, -0.1338651180267334, -0.17738090455532074, 2.2153384685516357, -0.2894391119480133, 1.89813232421875, -0.0727090835571289, -0.7504445314407349, -0.8944091200828552, 1.0290673971176147]"
3,2,3,4,5,4,2,5,honghuangyidou,"[-0.6998279690742493, 0.29480475187301636, 0.26293104887008667, -0.6625006198883057, -1.4955251216888428, 0.6553134918212891, 0.5921330451965332, 0.24398082494735718, 0.31006669998168945, 0.14665214717388153, -1.2448581457138062, -0.1505851447582245, -0.7215343117713928, 0.5110133290290833, 1.2757349014282227, 0.5562835335731506, 1.1179912090301514, 0.462713360786438, -0.6492148637771606, 0.1894943118095398, 1.0962328910827637, -0.2626268267631531, -0.5462063550949097, 0.849114716053009, 0.3363087475299835, -0.1541803479194641, 0.24258069694042206, 1.4217108488082886, -0.8142251968383789, -0.6333657503128052, -0.30967578291893005, 0.09622694551944733, -0.08475255966186523, 0.07448165118694305, -0.8981884717941284, -1.4532182216644287, -0.8341138362884521, 0.6015146374702454, -0.25753945112228394, 0.4879753887653351, 0.6755092144012451, -1.1794253587722778, -0.10497747361660004, -0.24865427613258362, 0.10255017876625061, -0.5588091611862183, 0.6587656736373901, 0.10392272472381592, 0.9190754890441895, -1.5750194787979126, 0.861880898475647, -0.4975985884666443, 1.1534068584442139, -0.26489388942718506, -1.1997661590576172, 0.11965477466583252, 0.12166464328765869, 0.682243824005127, -1.1648503541946411, 0.9419847726821899, -0.3692539632320404, -0.4405089020729065, -0.5199294090270996, -0.37688905000686646, -1.4543306827545166, 1.7574567794799805, -0.15990430116653442, 0.1713082194328308, 0.13264387845993042, 0.9081097841262817, 0.14433225989341736, 1.2010540962219238, -0.9873008728027344, 0.9294390678405762, -0.9365042448043823, 0.2947637438774109, -0.9655296802520752, 0.8818503022193909, -0.1950855255126953, -1.053221583366394, -0.41542768478393555, 0.21662670373916626, -0.6293185353279114, -0.27168285846710205, -0.518773078918457, 0.44043901562690735, 0.5095986723899841, -2.352581024169922, 0.10931375622749329, 0.34990060329437256, 0.7420992255210876, -0.37603312730789185, -0.20537114143371582, -0.6509960889816284, -0.45458582043647766, -0.028209805488586426, -0.13313403725624084, -0.5933619737625122, 0.6005474925041199, -1.1122667789459229, 0.10364136844873428, -0.6379843950271606, -0.02638012170791626, 0.8227725625038147, 0.730998694896698, -0.700154185295105, -0.4602199196815491, 0.9398834705352783, 1.0498980283737183, 0.14790746569633484, -0.590891420841217, -0.9587990045547485, 0.07057270407676697, -0.03792235255241394, -0.44874298572540283, 1.8381119966506958, 0.3041830062866211, 0.22199086844921112, -0.22166968882083893, 0.14063961803913116, -0.16446393728256226, -0.7028873562812805, -0.7051653265953064, -1.0754603147506714, 0.2009405791759491, -0.3560512065887451, -1.8239611387252808, 0.2712298035621643, -1.0994569063186646, -1.1540255546569824, -0.4912565350532532, -1.1021264791488647, -0.9094223380088806, -0.015409231185913086, -0.27625229954719543, -0.6819244623184204, 0.07561920583248138, 1.5026624202728271, -0.3018391728401184, 0.03970916569232941, 0.08335220813751221, -0.5732772350311279, 0.07819116115570068, 0.6962149143218994, -0.033779025077819824, -0.5173343420028687, 0.27334028482437134, 0.23433175683021545, 0.19851619005203247, -1.2130309343338013, 0.12959693372249603, 0.5573514699935913, -0.059626977890729904, 0.45151716470718384, 0.08223935961723328, 0.04123687744140625, 0.09431302547454834, -0.708590030670166, -0.4557311236858368, -0.34845638275146484, -0.5799989700317383, 0.6775780320167542, 1.323471188545227, -1.4178309440612793, 1.5302379131317139, 0.4042665660381317, 1.4197262525558472, 0.3240167200565338, -1.7272546291351318, -0.2862623631954193, 0.15369842946529388, 0.807965874671936, -1.3583348989486694, 0.8768625259399414, 0.5117670297622681, -0.21841032803058624, 0.8658609390258789, -0.22013349831104279, 0.16908979415893555, -0.11812806129455566, -0.12625226378440857, -0.09214676916599274, -0.6996121406555176, -0.6153198480606079, -0.2382105141878128, -0.31299853324890137, 0.36402130126953125, 2.1398017406463623, 0.11766791343688965, 0.14835983514785767, 1.1084070205688477, 0.7906315922737122]"
2,2,4,2,5,3,3,5,abeiduo,"[0.07968142628669739, -1.2824872732162476, 0.1525481641292572, 0.3993970453739166, -1.4050095081329346, 0.8898196816444397, -0.4208342730998993, 0.12806332111358643, 0.9968358874320984, 0.43723103404045105, 1.5866742134094238, -0.87018883228302, -0.026032090187072754, 0.8229636549949646, 1.9522607326507568, 0.15762293338775635, 1.8032212257385254, -0.03385120630264282, 2.2047369480133057, 2.1999292373657227, 0.5693538188934326, 0.7306154370307922, -0.5206562876701355, -0.002046879380941391, -0.15013375878334045, -1.0431430339813232, -0.48364418745040894, 0.36006543040275574, 1.4807645082473755, -0.23603983223438263, -0.22372221946716309, 0.09956775605678558, -0.192410409450531, -1.691230297088623, 0.0217716246843338, -1.6294946670532227, -0.7372453212738037, 1.1528708934783936, -0.36380115151405334, 0.10710105299949646, 0.31439584493637085, -0.6430541276931763, -0.06287908554077148, -1.0922024250030518, 0.9110194444656372, -0.007860273122787476, 0.601800799369812, -0.527584969997406, 0.09275549650192261, -0.4311445653438568, -0.0054028332233428955, 0.25303927063941956, -0.2653825879096985, -0.8036209344863892, -0.8997097015380859, 0.5348626971244812, 0.9817459583282471, 0.12599661946296692, -0.7923967242240906, 0.1878688484430313, -2.0008320808410645, 1.2093620300292969, 0.6902206540107727, -0.6241550445556641, -0.7121400237083435, -0.10975408554077148, -0.21286910772323608, -0.49474602937698364, -3.2087035179138184, 1.2416958808898926, 0.38776275515556335, 1.600122094154358, 0.949785590171814, 0.12861430644989014, 0.38296276330947876, -1.6893242597579956, -0.8948663473129272, 0.7980391383171082, 1.0079984664916992, 0.22080974280834198, -0.11559425294399261, 0.3740718364715576, 0.7475257515907288, -0.6233707666397095, 0.3018496334552765, -0.6571798324584961, 1.023498296737671, -0.4171316623687744, -1.3818342685699463, -1.833324909210205, 0.5229721069335938, -0.21632957458496094, 0.8608030080795288, 0.5627367496490479, -0.25255048274993896, -0.3169006109237671, -1.4292881488800049, -0.8511779308319092, 0.7955067157745361, -0.05137832462787628, 1.0215332508087158, -1.5337841510772705, 2.170771598815918, 2.7040531635284424, -0.1989952027797699, 0.8804153203964233, 0.5362073183059692, 1.3881343603134155, 0.9500572681427002, -0.9586858749389648, -0.5577750205993652, -0.015317752957344055, -1.355972170829773, -1.3377151489257812, -1.5827091932296753, -0.7280825972557068, -0.3482115864753723, 1.2040146589279175, 0.17341260612010956, 0.1551724374294281, -0.12524494528770447, 0.911000669002533, 1.2477412223815918, -0.9300020933151245, 1.2258098125457764, -0.32675445079803467, 0.33461493253707886, -0.4775996208190918, 1.804422378540039, 0.36749982833862305, 0.2959386110305786, -0.04407668858766556, 0.7917521595954895, -1.0649032592773438, 0.2833462357521057, 0.7648687958717346, 0.3534672260284424, -0.5001711249351501, -1.2615678310394287, 0.40430378913879395, 0.2985140085220337, -0.6893261671066284, -0.06994849443435669, -0.3440103530883789, 1.3122936487197876, -0.2772364914417267, -0.7378601431846619, 0.04673045873641968, 0.9860443472862244, 0.12058943510055542, -0.44889822602272034, -0.14227330684661865, -1.1369999647140503, -1.4447357654571533, 0.8462746143341064, -1.2802335023880005, -1.069812536239624, 1.539604902267456, -0.6227222681045532, 0.31805017590522766, -0.026708513498306274, -1.2595933675765991, 0.9474676847457886, 0.2466612458229065, 0.6234434843063354, -0.847028374671936, 0.09431155025959015, 0.11807891726493835, -1.1507723331451416, 0.165363609790802, 0.6239233016967773, -1.0230200290679932, -0.4087636470794678, -0.7746593356132507, 1.6298279762268066, 0.4935028553009033, 0.30048105120658875, 0.09267045557498932, 0.8838041424751282, 0.30515390634536743, 0.37578630447387695, 0.6944782733917236, -0.7086379528045654, -0.07333913445472717, -0.3773064613342285, 1.8706045150756836, -0.8572832942008972, 0.9172875881195068, -0.952743649482727, 1.1735467910766602, -0.38693076372146606, 1.195888638496399]"
3,3,2,4,5,2,4,5,naweilaite,"[0.2537368834018707, 0.7232024669647217, 1.006140947341919, -1.200371503829956, -0.8846194744110107, 0.013718366622924805, -0.16722774505615234, 0.21728283166885376, 0.44177985191345215, -1.1602699756622314, 0.4873484969139099, 0.6240298748016357, 0.29318225383758545, 1.431445837020874, 3.428560495376587, -1.7942382097244263, 0.825045645236969, 1.1579759120941162, -0.4329393804073334, 1.1797215938568115, 1.855208158493042, 1.3357181549072266, -0.38281723856925964, 0.10547450184822083, 0.659732460975647, 0.6288377046585083, -0.47782570123672485, 0.43007612228393555, 0.49857455492019653, -1.7668207883834839, -0.5232560038566589, 0.8396803140640259, -0.7375223636627197, -1.6395161151885986, 0.41941648721694946, -0.8927134275436401, 0.07305392622947693, 1.9797029495239258, 0.6066609621047974, 0.3339434564113617, 1.7859926223754883, -0.7558706998825073, 1.0164875984191895, 2.0327980518341064, 1.3603630065917969, -0.8360490798950195, 1.7200380563735962, 0.42070573568344116, 0.07980447262525558, -1.4103718996047974, 2.4575095176696777, -2.3072524070739746, 0.05269397795200348, -0.8284097909927368, -0.7485053539276123, -0.012394309043884277, -0.6919357180595398, 1.1846649646759033, -0.34341004490852356, -0.21840447187423706, -2.5629689693450928, -1.7404966354370117, -0.8538489937782288, -0.3973196744918823, -1.7077126502990723, -0.21435129642486572, 0.4335744380950928, 0.22569042444229126, -0.9837824106216431, 0.2892691493034363, 1.3198028802871704, 0.18213190138339996, -1.2305188179016113, -0.37515097856521606, -1.992341160774231, -0.8679649829864502, -1.1862702369689941, 0.02493305504322052, 1.3416013717651367, 0.9165024161338806, -0.18220610916614532, -0.5026043653488159, -0.8678783774375916, 0.0013908147811889648, -0.6055288314819336, -1.3289812803268433, 0.42941349744796753, -0.9046343564987183, -1.8870055675506592, 0.32693883776664734, 0.762397825717926, 0.8498709797859192, -1.3869895935058594, -1.1128870248794556, -1.2850162982940674, -1.2923766374588013, -0.7729364633560181, -1.9455865621566772, -0.10269904136657715, 1.4697362184524536, 0.6450247168540955, 0.9839403629302979, 1.7153199911117554, 2.3639636039733887, 0.5365700721740723, -1.6064956188201904, -1.7041754722595215, 0.7807161808013916, 0.37711888551712036, 1.0270254611968994, -0.6134406328201294, -1.09437894821167, 0.6095569729804993, -0.04097363352775574, -0.5503367781639099, 0.13106286525726318, -0.449016273021698, 1.2920926809310913, -1.8025375604629517, -0.5058580636978149, -0.9312316179275513, 0.17809902131557465, -0.09064088016748428, -0.13874591886997223, -0.09669435024261475, -2.0205070972442627, -0.33003610372543335, 1.2844040393829346, -0.5638731718063354, -0.7038822770118713, -0.6580327749252319, 0.4207800626754761, 0.32407817244529724, -0.1026684045791626, -2.4474234580993652, -0.10081547498703003, 0.6631266474723816, -0.13404080271720886, -0.9143781661987305, 1.6978679895401, 1.0070382356643677, 0.724178671836853, -0.32793623208999634, 0.187906414270401, 2.10094952583313, -0.26211607456207275, -1.5680817365646362, 0.4656853973865509, 0.9505377411842346, -0.45393407344818115, 0.10473810136318207, 0.9639966487884521, -2.106110095977783, 0.3258473575115204, 0.5263024568557739, 0.9521231055259705, -0.43769240379333496, 1.219138503074646, -1.3174725770950317, 0.44388216733932495, 0.40348944067955017, -0.32529228925704956, 0.6650335788726807, -0.668492317199707, 0.45980316400527954, -1.51329505443573, 0.3030894994735718, 1.197534441947937, -0.9315437078475952, 0.8917477130889893, 0.3618936836719513, -0.01324857771396637, -0.21003949642181396, -0.21186399459838867, 1.5472960472106934, 0.6490951180458069, -0.7450618743896484, -0.18540678918361664, -0.3395043909549713, -1.1307107210159302, 0.5797750949859619, 0.08153130114078522, -0.7538542747497559, -0.2583843767642975, -0.4663218855857849, 2.473301410675049, -0.23161494731903076, 2.4144513607025146, -2.846803665161133, 0.020893841981887817, 0.2518451511859894, 2.0789692401885986]"
1,2,5,1,5,4,1,5,feixieer,"[0.3806631863117218, -0.5167965888977051, -0.00997423380613327, 0.9306743144989014, 0.4673265218734741, -0.37637192010879517, -1.0105986595153809, -0.16084039211273193, 0.7759440541267395, -0.7803265452384949, 1.1317425966262817, -0.41175374388694763, 0.8824582099914551, 0.41046684980392456, 1.6058881282806396, -1.1090246438980103, 0.3213486671447754, -0.2913927733898163, 1.9524730443954468, 0.12817510962486267, -0.48661696910858154, -0.40591150522232056, 0.6731590628623962, 0.43139782547950745, -1.7287704944610596, -1.2605526447296143, -0.1013052761554718, 0.023588530719280243, 0.35949546098709106, -0.03275023400783539, -0.09946411848068237, -0.8204238414764404, 0.8025410175323486, -0.9451940059661865, 0.5050434470176697, -1.625626564025879, -0.7401694059371948, 0.6979166865348816, 0.5531550049781799, 1.0693995952606201, 0.5505985021591187, -0.5856890082359314, -0.18304435908794403, 1.4818118810653687, 0.3611854612827301, 0.38912567496299744, 0.26356151700019836, 0.21900707483291626, -0.49333301186561584, -0.29135704040527344, -0.3261387348175049, 0.8918701410293579, 0.9827227592468262, -0.6345725059509277, -0.41880178451538086, 0.4577257037162781, 0.7565262913703918, 0.8155146837234497, 0.05190882086753845, -0.07432401925325394, -1.4403831958770752, 0.7104538679122925, 1.5587197542190552, -0.13355427980422974, -0.31426769495010376, -0.04654109477996826, 0.1896301507949829, 0.2962324917316437, -1.004940390586853, 1.0432608127593994, -0.07138760387897491, 2.5147781372070312, -0.4468376636505127, 0.2666420042514801, -0.4416012763977051, -0.7679068446159363, 0.08062803745269775, 0.7707487344741821, -0.3301974833011627, 0.5189540982246399, 0.8529403805732727, -0.8467711210250854, -0.3662782311439514, 0.8336032629013062, 1.508602261543274, -1.7535804510116577, 1.5975041389465332, -1.6114157438278198, -0.8789681196212769, -0.11784231662750244, 0.38890618085861206, 0.4399374723434448, -0.7226918935775757, 0.16771037876605988, -0.6621013879776001, -0.661780834197998, -1.1755030155181885, -1.6200984716415405, 1.896936297416687, 1.2718082666397095, -0.6881142854690552, -0.8212417364120483, -0.13267293572425842, 1.5051534175872803, 0.6580316424369812, -0.23314419388771057, -1.6903388500213623, 0.58492511510849, -0.15144509077072144, -0.07716616988182068, -0.42332661151885986, 0.13660001754760742, 0.11219063401222229, 0.094821035861969, -0.8451840877532959, -0.05977170169353485, 0.8294962644577026, 1.9769943952560425, -0.3150264620780945, -0.4040580093860626, -0.5988399386405945, -0.279549777507782, 0.5161799192428589, -0.6161416172981262, -1.1103103160858154, -0.4186432361602783, -1.4997799396514893, -0.2704724073410034, 0.17361533641815186, -0.4794270992279053, -0.6042983531951904, 0.317534863948822, -0.7872380614280701, -0.7060079574584961, -0.6243006587028503, 1.0005191564559937, 0.8856064677238464, -0.09695637226104736, -0.5261241793632507, 0.49071502685546875, 1.6608306169509888, -1.3656262159347534, -0.06282901763916016, -0.04040654003620148, 0.6942439675331116, -0.5499516725540161, -0.5368260741233826, 1.1491092443466187, -0.03738081455230713, 0.6197398900985718, -0.7135223150253296, 0.2645438313484192, -0.7535459399223328, -0.19541305303573608, 2.010138511657715, -0.9648725390434265, -1.0325912237167358, -0.47363168001174927, -0.5009099245071411, 1.090375542640686, -0.8607720136642456, -0.9990806579589844, 0.8798620700836182, -1.3319387435913086, 0.014392852783203125, 0.38280078768730164, -0.7331105470657349, -1.0377438068389893, -0.9238874912261963, 0.9605934619903564, -0.890711784362793, 1.3818415403366089, -0.9452659487724304, 0.20254790782928467, 1.249001383781433, 0.9579491019248962, 0.6794902086257935, 0.594955563545227, 0.9613403081893921, 0.5581517219543457, 0.5489316582679749, 1.5473313331604004, 0.0601046085357666, 0.28359535336494446, -0.7461878657341003, 2.793675184249878, -0.7291759848594666, 1.9124603271484375, -2.450411796569824, 0.947721004486084, -0.8908714652061462, 0.1700376272201538]"
1,2,3,2,4,1,2,3,nuoaier,"[-0.7836108803749084, 1.104506254196167, -0.545651912689209, 0.8199388980865479, -0.446856826543808, -1.0298821926116943, 0.6203457117080688, 0.4604971408843994, 0.20926117897033691, -0.8882209658622742, 0.3388561010360718, -1.8493239879608154, -0.5002996921539307, 0.3630228042602539, 0.08658987283706665, 0.39042848348617554, 0.3485417366027832, -0.719950795173645, 1.737959861755371, -0.8469376564025879, -0.23958803713321686, -0.24414682388305664, -0.23384416103363037, -0.7846912145614624, -1.3183951377868652, -0.9408583045005798, 1.1317161321640015, 0.6223618388175964, 1.184658169746399, 0.4069889485836029, -0.7637054324150085, -1.3883851766586304, 0.13624432682991028, -0.49446138739585876, -0.4613136053085327, -1.763460397720337, -0.41227999329566956, 0.8963074684143066, -0.1289987564086914, 0.9269595146179199, 0.1627805531024933, 0.4510086178779602, 0.7731117606163025, 0.5245466828346252, 0.248844176530838, -0.822039008140564, 0.42994117736816406, -0.2122538685798645, 0.14325419068336487, -0.02018764615058899, 0.6555472016334534, -0.5060112476348877, 1.2494295835494995, -0.1253068745136261, 0.8227400779724121, 0.13223522901535034, 0.574323296546936, 1.5841546058654785, -0.6644890308380127, 0.43127596378326416, -3.310030460357666, -1.1632423400878906, -0.5040136575698853, -1.714316964149475, -0.7328184247016907, 0.011136770248413086, -0.8657677173614502, -0.22526687383651733, -0.7280790209770203, 1.6558582782745361, 1.026511549949646, 2.431882381439209, -0.6306447982788086, -0.32733237743377686, -0.4827880263328552, -1.3831920623779297, -1.1503875255584717, 2.1004467010498047, 0.33988767862319946, 1.130444049835205, 1.6041032075881958, -0.44434988498687744, -1.0332365036010742, 1.3930437564849854, 1.139099359512329, -1.7269095182418823, 0.2161649465560913, -1.9372304677963257, -0.8114298582077026, -0.07240056991577148, 1.8832318782806396, 0.7491692304611206, -0.09185224771499634, -1.3011252880096436, 0.8824768662452698, -0.3662757873535156, -2.4572346210479736, -1.3326728343963623, 1.864040493965149, 1.4780840873718262, -0.448547899723053, 0.10793498158454895, -0.1243002712726593, 2.531522035598755, -0.23609215021133423, -0.312210351228714, -1.312174677848816, -0.5685304999351501, 0.16059468686580658, -0.9299799203872681, 0.4597437381744385, -1.1822025775909424, 0.4205000400543213, -0.6883500814437866, -1.0423263311386108, -0.24379684031009674, -1.7452888488769531, -0.23759564757347107, -1.1776978969573975, -0.16773341596126556, -0.9200401306152344, -1.7653131484985352, 0.5612410306930542, 0.20874617993831635, -1.4767664670944214, -0.2797728180885315, -1.4183943271636963, -0.2872445583343506, 0.07873153686523438, -1.2706360816955566, -1.5927910804748535, -0.30002832412719727, -0.4134589433670044, 1.6286733150482178, -1.7501704692840576, 0.6176989674568176, 0.3162369728088379, -0.04933395981788635, 0.5918583273887634, -0.6292569637298584, 0.3992921710014343, -2.5067310333251953, -0.4632890820503235, -0.12717950344085693, 0.02926725149154663, -0.3413366973400116, -1.2332262992858887, 0.6214439868927002, 0.5833401083946228, -0.40748751163482666, -0.760114312171936, 0.1915845274925232, 0.41043081879615784, -0.7996538281440735, 2.42527437210083, 0.1435137391090393, -1.675965666770935, 0.2992589473724365, -0.9097568988800049, 0.6433122754096985, -0.766038179397583, -0.3449108600616455, 0.11743372678756714, -1.5545806884765625, -0.13826286792755127, 0.1505344808101654, -0.886478841304779, -1.0131396055221558, 0.4058910012245178, 0.13459545373916626, -0.3963894248008728, 1.7087976932525635, -1.5836416482925415, 0.6989457607269287, 0.9473913908004761, 1.3806533813476562, -0.5311362743377686, 1.2387160062789917, 1.159608006477356, 0.7055060267448425, 0.8243932723999023, 1.3602149486541748, -0.6330242156982422, 0.17167747020721436, -0.7658793926239014, 1.3287479877471924, -0.9191527366638184, -0.009217679500579834, -1.7197335958480835, 1.5452479124069214, -1.324256181716919, -0.8893793821334839]"
3,3,3,2,5,3,3,5,diluke,"[-0.28622356057167053, -0.18550604581832886, 1.8331199884414673, -1.3441892862319946, -0.2757731080055237, -0.09724269807338715, -0.6683546304702759, -0.7555727958679199, 0.3282482624053955, -1.9834113121032715, -0.2069154679775238, -0.9741157293319702, -0.701626718044281, 0.412455677986145, 1.9117250442504883, -0.025425255298614502, 1.152498483657837, -0.5312426090240479, 0.12807318568229675, 1.7531872987747192, 0.8567367792129517, 1.1523678302764893, -0.36130401492118835, 0.9084526896476746, 1.1348217725753784, 0.1911809742450714, -1.3812694549560547, 0.10295834392309189, 1.4906527996063232, -0.46050694584846497, -1.2496538162231445, -0.44342827796936035, 0.0645696222782135, -0.9907501935958862, -0.9223069548606873, -1.1727440357208252, 0.7413991093635559, 1.4347937107086182, 1.4134634733200073, 2.39453387260437, 0.5767537355422974, -0.7732859253883362, -0.2658268213272095, 0.47903671860694885, 0.3467070758342743, -1.4302769899368286, 1.5081045627593994, 0.647797703742981, 1.8183190822601318, 0.3937333822250366, 0.13681453466415405, -1.5744285583496094, 1.3840713500976562, -0.05296730995178223, -0.5759087800979614, -0.14464020729064941, 0.24070143699645996, 0.798214852809906, 0.34495946764945984, -1.0103057622909546, -1.9159355163574219, 0.3549232482910156, -0.22089475393295288, -0.38507890701293945, -0.9268797039985657, 2.0703203678131104, 2.1424520015716553, 0.8543019890785217, -0.04478996992111206, 1.9852311611175537, 0.6644339561462402, 1.0937633514404297, 0.4570128917694092, -0.004906207323074341, -0.38619059324264526, -0.4638342559337616, -0.8923812508583069, 0.7524409890174866, -0.9236363172531128, -0.23109805583953857, 0.7405086159706116, -0.5929602980613708, -1.2128684520721436, -0.27507972717285156, 1.4770634174346924, -0.3929811120033264, 1.4501700401306152, -1.6600850820541382, -0.4015958905220032, -1.415717363357544, 0.24277488887310028, 0.2508559823036194, -0.9434764385223389, 0.04068979620933533, -0.06091105937957764, 0.40281787514686584, 0.46416884660720825, -2.179192543029785, 0.1069374829530716, 0.07666804641485214, -0.44035783410072327, -0.26241177320480347, 1.1758095026016235, 0.6096869707107544, 1.2980340719223022, -0.8902360796928406, 0.21598464250564575, 1.5585236549377441, 1.7960134744644165, -0.6516429781913757, -1.3209912776947021, -0.5523880124092102, -0.1654084473848343, -1.8784043788909912, -0.4202984571456909, -0.7057435512542725, 1.6381498575210571, 0.6522476673126221, 0.7627924084663391, 2.1743271350860596, -1.5593574047088623, 0.007894456386566162, 1.8694225549697876, -1.925335168838501, -1.1116276979446411, -1.1217091083526611, 0.3430819511413574, 0.287992924451828, 0.19437289237976074, 1.068129062652588, -0.8188451528549194, -0.47563761472702026, -0.5368762016296387, 0.14073169231414795, -0.5026367902755737, 0.81724613904953, 0.2964896559715271, -0.5294607877731323, -0.6089779138565063, 0.8694560527801514, -0.15422196686267853, 0.8605502843856812, 0.7517804503440857, -0.3803422451019287, 0.6545533537864685, -1.258044719696045, -0.24294529855251312, -0.14465117454528809, 1.1463894844055176, -1.8804337978363037, -1.3914711475372314, -0.620787501335144, -0.7877367734909058, 0.31391775608062744, -0.38768935203552246, -0.004790961742401123, -1.479137897491455, 0.35651665925979614, -0.5806336402893066, -1.0399000644683838, -0.6445325613021851, 0.5970157980918884, 0.4852314293384552, -0.41632771492004395, -0.14553296566009521, -1.704009771347046, -0.676755964756012, 0.2514438331127167, -1.9856300354003906, 0.2129760980606079, -1.4501301050186157, 0.4198871850967407, -1.0856544971466064, 1.178513765335083, 0.9517641067504883, -0.4506768584251404, -0.48365455865859985, 0.6695468425750732, -0.30564555525779724, -1.028056263923645, -0.3796333372592926, -0.22803224623203278, -1.198627233505249, -0.27285516262054443, -0.09349043667316437, 1.0554062128067017, -0.32550889253616333, 1.7702739238739014, -0.6793686151504517, 0.2979738712310791, -0.18926888704299927, 0.9021322131156921]"
3,3,2,3,4,3,4,4,zhongli,"[0.7540155649185181, 0.37632590532302856, -0.023854143917560577, 1.7042824029922485, -2.000210762023926, 2.2651798725128174, -0.05178290605545044, -1.3071538209915161, -0.6194790005683899, -0.6493489146232605, 1.1674444675445557, -1.014715313911438, 0.6024516820907593, 1.3785583972930908, 1.1762504577636719, 0.27522629499435425, -0.02210146188735962, -0.3255220353603363, -0.616531491279602, -0.6029257774353027, 0.6497387886047363, 0.7569494843482971, 0.3707389235496521, 1.3515311479568481, -0.7639150619506836, -0.23272228240966797, -0.4535443186759949, 1.0211185216903687, -1.3561707735061646, -1.3220207691192627, -0.3710797131061554, -0.18277980387210846, 1.4464852809906006, -2.017932653427124, -1.2571254968643188, -2.1926167011260986, -0.4040062725543976, 0.5122788548469543, -1.2015800476074219, 0.37725773453712463, -0.28129610419273376, -0.10913529992103577, -0.3577587604522705, 1.931343913078308, -0.29406851530075073, -1.0104848146438599, 0.811738133430481, -1.7604496479034424, 0.7265601754188538, -1.8699432611465454, 0.9786559343338013, -0.1040140837430954, 0.5079781413078308, 0.2889350950717926, -0.58343505859375, 1.2985625267028809, 0.5691896080970764, 1.8235589265823364, -0.7478254437446594, 0.2310607135295868, -1.8947741985321045, -0.3268275558948517, -0.00020143389701843262, -1.086812973022461, -0.22766655683517456, 0.3683735132217407, 2.598666191101074, 0.3699243664741516, -1.7544876337051392, 1.1659660339355469, -1.1399412155151367, 0.33817538619041443, -0.8378280997276306, -0.3134337067604065, -2.4503672122955322, -0.42145633697509766, -1.6447231769561768, 1.3089712858200073, -1.0616145133972168, 0.963980495929718, -0.4811748266220093, 1.0282847881317139, -0.8651130795478821, -0.18080252408981323, -0.4934355616569519, -0.4831518828868866, -0.6468438506126404, -0.9446814060211182, -1.2201027870178223, -0.6328621506690979, 1.4492886066436768, 2.236222982406616, 0.9120074510574341, 0.09279194474220276, -0.8969027400016785, 0.11480081081390381, -1.2416584491729736, 0.7681774497032166, -0.2534402012825012, 1.0010592937469482, 0.45213115215301514, 1.0454384088516235, 1.4826568365097046, 0.7570585012435913, 1.0430155992507935, -0.7140369415283203, -0.20665979385375977, 3.256254196166992, 0.7259293794631958, 1.625619649887085, 0.08841776847839355, -0.043434977531433105, -0.3567236661911011, 1.166490077972412, -0.9116843938827515, -0.869245171546936, -0.6224641799926758, 0.6748834252357483, -1.7448253631591797, 1.053356409072876, -1.713763952255249, 0.8703444004058838, 0.10452927649021149, -0.6316304802894592, -0.30579814314842224, -0.13048610091209412, -0.3335437774658203, 2.9093916416168213, 0.6008701920509338, 0.5295384526252747, 0.4551130533218384, -0.626895546913147, -0.33772802352905273, -0.4916212558746338, -0.5876340866088867, 2.1778221130371094, -0.46284982562065125, 0.3147166669368744, 0.5834323167800903, 0.30820634961128235, 0.3017102777957916, -0.9559367895126343, -1.0291473865509033, 1.9125808477401733, 1.1397039890289307, -0.0061935558915138245, -0.26661866903305054, 0.5930161476135254, 1.6927764415740967, 1.654459834098816, 0.9382898807525635, -0.4916939437389374, 1.1554311513900757, -0.3375300168991089, 2.256376266479492, 1.1271066665649414, 0.647362470626831, 2.4312021732330322, -1.2388795614242554, -0.5785060524940491, 1.6218489408493042, -0.4150659441947937, -1.7066644430160522, -1.9299821853637695, -0.527369499206543, -2.224370241165161, 0.7996203303337097, 0.8254200220108032, -0.9848102331161499, 0.3239595293998718, -0.7285678386688232, -0.20059441030025482, -0.2267337441444397, -1.0031778812408447, 0.6477864980697632, -0.26290804147720337, -0.5176348686218262, -0.3896223306655884, -0.39336562156677246, -0.023880787193775177, -0.08946159482002258, 2.642712354660034, 0.7452577948570251, 0.20146319270133972, -1.775818109512329, 1.5744633674621582, 1.382957935333252, 2.143751621246338, -2.4145612716674805, -0.5150339603424072, 0.9408568143844604, 0.09636931866407394]"
2,1,3,4,5,4,3,5,paimeng,"[0.06918326020240784, 0.8671531081199646, -0.16005443036556244, 0.8309082984924316, -0.031498104333877563, 0.5155168175697327, 0.6980754137039185, 0.010085463523864746, 0.12157267332077026, -0.16400551795959473, -0.5860618352890015, -0.14366737008094788, 1.0436712503433228, 0.8785483241081238, 0.12153023481369019, -0.5180833339691162, 1.03764009475708, -0.06889030337333679, 0.7129656076431274, 0.19702976942062378, -0.7127728462219238, -1.8858833312988281, 0.7200251221656799, -0.24660253524780273, -0.8886821269989014, -0.5607097744941711, 1.328208327293396, 1.0616180896759033, 0.3655089735984802, -0.2791230380535126, -0.4221190810203552, -0.5079353451728821, 0.14886155724525452, -1.1024314165115356, -0.23251064121723175, -2.0794172286987305, -0.18441954255104065, 0.9411516189575195, -0.031424202024936676, 1.7709968090057373, -0.7990550994873047, -0.4549673795700073, 1.2491399049758911, 0.7584742307662964, -0.2833147943019867, 0.6762107610702515, -1.0208197832107544, -0.710428774356842, -0.6544337868690491, -1.5401079654693604, 0.6216245293617249, 0.7989993095397949, -0.1473160833120346, 0.7220468521118164, 0.06297749280929565, 1.2315094470977783, 0.41124430298805237, -0.2832813858985901, -1.1529844999313354, 1.0195506811141968, -1.2541608810424805, -1.544959306716919, -1.2986441850662231, -0.41445279121398926, 0.7330918908119202, 0.2860954999923706, -0.4816240072250366, -0.30562824010849, -0.8921891450881958, 0.991866946220398, -0.010249912738800049, 1.562985897064209, 0.7555506229400635, 0.3112325668334961, 0.21601828932762146, 0.9797700643539429, 0.5042880177497864, 1.1263294219970703, 0.23720097541809082, 0.5542823076248169, 1.0253679752349854, -0.31794410943984985, -1.0415120124816895, 1.1669936180114746, 0.9354299306869507, 0.45484688878059387, 0.5417272448539734, -0.8445833921432495, -0.9264545440673828, 1.0745099782943726, 0.06594644486904144, 1.6076924800872803, -0.5901570916175842, 0.002780914306640625, -1.1499956846237183, -0.15611189603805542, -2.4203217029571533, -1.3399019241333008, 0.6234369874000549, 0.9611823558807373, 0.8158100843429565, -0.6973307132720947, -1.3021152019500732, 1.4717577695846558, 0.5666227340698242, 0.3874196410179138, -1.4059343338012695, 0.8314064741134644, -0.21946927905082703, -0.03912508487701416, 0.4913496971130371, -0.7846944332122803, -0.004887968301773071, -0.2144874930381775, -0.5777115225791931, 0.9501845240592957, 0.18604803085327148, 0.6215602159500122, -1.2309437990188599, -1.000985860824585, -1.1496787071228027, -1.6577296257019043, 0.5320262312889099, -1.3591855764389038, -1.0528955459594727, -0.22182327508926392, -1.4910173416137695, 0.33296823501586914, 0.8976484537124634, -0.42566972970962524, -1.1602778434753418, 0.47452402114868164, 0.6121669411659241, 0.7655596733093262, -0.19371722638607025, 1.937355637550354, -0.6650472283363342, 1.0970369577407837, -0.45267611742019653, -0.019121378660202026, 0.8548992872238159, -1.6228152513504028, 0.3008195757865906, -0.2565530836582184, 0.32606297731399536, -1.0857703685760498, -0.2189965695142746, 1.891402244567871, 0.7061411738395691, 0.03612983226776123, -0.7974672913551331, 0.9223593473434448, -0.3875121772289276, 0.14896290004253387, 0.23802420496940613, -0.925560474395752, 0.2696719765663147, 0.8917003870010376, -1.4762024879455566, 1.1472703218460083, -2.2634623050689697, 0.10425229370594025, 1.350960612297058, -1.5146584510803223, -0.37598758935928345, 1.52468740940094, 0.9587988257408142, -1.0292717218399048, 0.8241856098175049, -0.08182650804519653, 0.20643416047096252, -0.821116030216217, -1.8295503854751587, 0.07438194751739502, 0.5870386362075806, 1.2814643383026123, 0.45090171694755554, -1.4060107469558716, 2.010483503341675, -0.3221181333065033, 0.7221752405166626, 0.7112122774124146, -0.7246861457824707, -1.1463730335235596, -0.9309957027435303, 0.7541875243186951, -0.07369576394557953, -0.018958628177642822, -0.4073076844215393, 0.22177639603614807, 0.45977982878685, -0.37500280141830444]"
3,2,3,4,5,2,3,5,fengyuanwanye,"[-0.37300801277160645, -0.395865797996521, 0.27128323912620544, 0.588039755821228, 1.2472994327545166, 0.38884973526000977, 0.08926904201507568, -0.537571907043457, 0.8120044469833374, 0.26515138149261475, -0.5413939952850342, -0.7018381357192993, 0.1317671537399292, 2.433905601501465, 1.516568899154663, -1.1539121866226196, 1.0125484466552734, 0.21681365370750427, -0.08102712035179138, 1.3414840698242188, 0.8429781198501587, 1.0640913248062134, -0.23593974113464355, -1.095291256904602, -1.115181565284729, 0.09827637672424316, 0.3413134515285492, -0.25327268242836, 0.4263998866081238, -0.542803168296814, -2.005441665649414, -0.5577601790428162, -1.1323460340499878, -1.3028398752212524, -1.3765639066696167, -0.6211194396018982, -0.4028871953487396, -0.21673434972763062, -0.31876489520072937, -0.49925774335861206, 2.25566029548645, -0.9801355600357056, 0.4219743609428406, -0.016067802906036377, 1.0135143995285034, -1.4051061868667603, 1.3822767734527588, 1.1089651584625244, 0.30985569953918457, -2.307645082473755, -0.13820940256118774, 0.4544949531555176, -0.019104689359664917, -0.6055864691734314, -0.27343425154685974, 0.24738717079162598, 0.8322779536247253, -0.46383875608444214, -2.131401777267456, -1.6315279006958008, -2.8811042308807373, -0.019900351762771606, 0.40114253759384155, -0.3976428508758545, 0.19315296411514282, 0.07265174388885498, -1.0356724262237549, 0.28984665870666504, -0.282584011554718, 0.1325434446334839, -0.6281232237815857, 1.354772686958313, -0.1950887143611908, -0.21901935338974, -1.740563988685608, -0.461012065410614, 0.005774557590484619, 0.46066105365753174, 1.576467514038086, 0.9967808723449707, 0.9280800223350525, 0.17101460695266724, -0.03536570072174072, -0.12377345561981201, 0.2477097511291504, -0.5974879264831543, 1.416477918624878, -0.8246095180511475, -2.1543424129486084, -0.28297942876815796, 0.31289225816726685, 1.8662948608398438, 0.14559119939804077, -1.8001006841659546, -0.9970299005508423, 0.29616543650627136, -1.9143288135528564, -0.8384595513343811, -0.1926344484090805, 0.7488778233528137, -0.15697896480560303, -1.2643685340881348, 0.7066390514373779, 1.8417302370071411, 0.621552050113678, 0.45481908321380615, -1.477476954460144, 0.7152312994003296, -0.4992195665836334, -0.5290169715881348, -0.6483184099197388, -0.3720886707305908, -0.6901348233222961, -1.2298601865768433, 0.5824195146560669, -1.0118297338485718, -1.6198384761810303, -0.15303674340248108, -1.3340051174163818, 0.5613610744476318, -1.4524238109588623, -0.3652516007423401, 2.0226292610168457, -1.9871931076049805, -1.022994875907898, -2.850137233734131, -1.4162541627883911, 1.9357917308807373, -0.23754477500915527, -0.7330841422080994, -0.14843472838401794, -1.182201623916626, -0.002742677927017212, -0.26436924934387207, 0.3916391134262085, 0.32497262954711914, 0.4922502040863037, -1.5579262971878052, -1.072263240814209, -0.7155202627182007, 1.7769378423690796, -0.3986637592315674, -1.672806978225708, 2.1195337772369385, 0.8774173259735107, -0.21441078186035156, -0.9356728792190552, 0.32061633467674255, 0.8083063960075378, -1.8853583335876465, -2.279920816421509, 0.8885961771011353, -1.6963601112365723, -0.7469291090965271, 1.2549049854278564, 1.4324071407318115, -0.14497679471969604, -0.06559350341558456, -0.9588239192962646, -1.3162579536437988, 0.8495747447013855, -1.0009359121322632, 0.5043498277664185, -1.2829132080078125, -0.6815431714057922, -0.7729516625404358, -1.1330487728118896, -0.4180302023887634, 0.29929953813552856, -1.0451253652572632, -1.1586180925369263, -1.0064538717269897, -1.3516192436218262, -0.9472339153289795, 1.6277680397033691, -0.42188501358032227, 0.383548766374588, 1.8263322114944458, -0.11738845705986023, -1.1899375915527344, 0.22982902824878693, 1.8111093044281006, -1.5096995830535889, -0.0006493479013442993, 0.0676276683807373, 1.5344159603118896, 0.34312957525253296, 1.705067753791809, -2.0725512504577637, 0.1468631476163864, -1.6692967414855957, -0.1679205596446991]"
2,2,3,2,4,4,3,5,wendi,"[1.2838271856307983, 0.684145450592041, -0.6291316747665405, -0.8082574009895325, -2.1091620922088623, 0.05170595645904541, 2.1177046298980713, 1.5855767726898193, 0.3115386366844177, -1.3963959217071533, -0.3232744634151459, -1.3091025352478027, 1.1336090564727783, 0.00508466362953186, 0.052893489599227905, -0.5482033491134644, 0.4117385149002075, -1.589277982711792, 1.374739646911621, -1.3456281423568726, 0.7845897674560547, -0.21890699863433838, -1.08038330078125, -0.7905417680740356, 0.012743905186653137, -1.0935778617858887, -0.3388344347476959, 0.1226988136768341, 1.8437458276748657, 0.5123063325881958, -2.020419120788574, -1.8658051490783691, 0.6261033415794373, -2.1352930068969727, -0.5857672095298767, -1.7347726821899414, -0.8828750848770142, 1.697302222251892, 1.0203830003738403, 0.945395827293396, 1.3734813928604126, -0.6686915755271912, 0.5418067574501038, 1.1109522581100464, 1.0164073705673218, -0.7197631597518921, -0.2783871293067932, -0.5617545247077942, 1.5648484230041504, 1.4264676570892334, 0.9037424325942993, -1.0535094738006592, 0.10865824669599533, -0.14140558242797852, 0.010805398225784302, -0.22144609689712524, 1.4055485725402832, 0.9678993225097656, 0.6955714821815491, -0.20556695759296417, -2.948065996170044, 0.16404467821121216, -0.9755650162696838, -0.8858861327171326, -0.7127659916877747, 0.1328045129776001, 0.7652252912521362, -0.8878998160362244, -0.8551384806632996, 1.0877479314804077, 1.4586231708526611, 0.4827406704425812, 0.05867958068847656, -0.3720712661743164, 0.15799212455749512, -1.8182669878005981, -0.3998832106590271, 1.3123486042022705, 1.4013309478759766, 0.61832594871521, 1.0718692541122437, 0.32866227626800537, 0.25797802209854126, 2.033001184463501, 0.6280434131622314, -1.9318878650665283, 0.661171019077301, -0.3139610290527344, -2.492934465408325, -1.5113346576690674, 1.107286810874939, 1.083115816116333, -0.7935272455215454, -0.9876350164413452, -0.7184967994689941, 0.10182309150695801, -1.6526548862457275, -3.0007119178771973, 1.6039602756500244, 0.3776319921016693, 0.8183431625366211, -1.140208125114441, -0.7684502601623535, 3.1729695796966553, -1.3358923196792603, -0.01939302682876587, -0.007395334541797638, 1.3668299913406372, -0.3174421787261963, -0.41583219170570374, 0.29859215021133423, -0.3483417332172394, -0.06398278474807739, -0.3496338129043579, -1.820765733718872, -1.0335261821746826, -1.3614912033081055, -0.7800710797309875, -0.9080567359924316, -0.1485264152288437, -1.3478896617889404, -1.4870562553405762, 0.2554303705692291, 0.07249820977449417, -1.6530654430389404, -2.5302438735961914, -0.44322657585144043, 0.03229480981826782, 1.9021227359771729, -0.6230832934379578, -0.932033121585846, -0.7223396897315979, 1.3952398300170898, 1.7590303421020508, -0.8418347835540771, 2.044839382171631, 1.6121747493743896, 0.20002999901771545, -1.2005349397659302, -0.7976421117782593, 1.8464723825454712, -1.6549491882324219, -2.3601763248443604, -0.23509573936462402, 0.8433443307876587, -0.09327031672000885, -0.8206526041030884, 0.3494766056537628, 0.3048693537712097, -1.5303473472595215, 0.8147174715995789, 0.3472246527671814, -0.47999563813209534, 0.6894978880882263, 0.3763221502304077, -0.1642076075077057, -1.7770267724990845, 1.3036442995071411, -0.8530360460281372, -0.007144831120967865, 0.07104851305484772, 0.2847854495048523, -0.8237208127975464, -0.6280075311660767, 1.0203804969787598, -0.41804930567741394, -0.6873399019241333, 0.22084471583366394, -1.2544864416122437, 0.2942902445793152, 0.6060774326324463, 0.12321113795042038, -1.4305670261383057, 0.9365060329437256, 2.2581546306610107, 1.430281400680542, 0.051561594009399414, -0.14028815925121307, 1.1880756616592407, 1.5222396850585938, 0.9986441135406494, 2.469743490219116, -0.07736003398895264, -0.1892198622226715, -0.3075103163719177, 2.3260769844055176, -1.6151872873306274, 0.6993057727813721, -2.244584560394287, -0.14196673035621643, -1.8315329551696777, 0.7882190942764282]"
